Zipcode,Neighbourhood
11249,Brooklyn
11206,Brooklyn
10032,Manhattan
10024,Manhattan
10036,Manhattan
11222,Brooklyn
10004,Manhattan
11201,Brooklyn
10009,Manhattan
11221,Brooklyn
10026,Manhattan
11223,Brooklyn
10018,Manhattan
11216,Brooklyn
10025,Manhattan
11106,Queens
10001,Manhattan
10013,Manhattan
11365,Queens
11220,Brooklyn
11373,Queens
10002,Manhattan
10038,Manhattan
10027,Manhattan
11217,Brooklyn
11238,Brooklyn
11213,Brooklyn
10030,Manhattan
11368,Queens
10031,Manhattan
11105,Queens
10003,Manhattan
10016,Manhattan
10128,Manhattan
10005,Manhattan
11215,Brooklyn
10010,Manhattan
10011,Manhattan
11211,Brooklyn
10023,Manhattan
10014,Manhattan
11218,Brooklyn
10035,Manhattan
10019,Manhattan
11358,Queens
11237,Brooklyn
11231,Brooklyn
11372,Queens
10451,Bronx
11205,Brooklyn
NA,Manhattan
10304,Staten Island
10029,Manhattan
10012,Manhattan
11225,Brooklyn
10028,Manhattan
10281,Manhattan
11233,Brooklyn
10039,Manhattan
10033,Manhattan
11434,Queens
10280,Manhattan
10075,Manhattan
10021,Manhattan
10065,Manhattan
11210,Brooklyn
11226,Brooklyn
11374,Queens
11101,Queens
11377,Queens
11207,Brooklyn
11230,Brooklyn
11693,Queens
11102,Queens
10007,Manhattan
11692,Queens
11209,Brooklyn
11228,Brooklyn
10069,Manhattan
11224,Brooklyn
11420,Queens
11385,Queens
11435,Queens
11375,Queens
10466,Bronx
10473,Bronx
10461,Bronx
11355,Queens
10022,Manhattan
10017,Manhattan
10454,Bronx
10040,Manhattan
10044,Manhattan
11234,Brooklyn
10034,Manhattan
11103,Queens
10006,Manhattan
11212,Brooklyn
10301,Staten Island
10452,Bronx
10472,Bronx
11379,Queens
11232,Brooklyn
10037,Manhattan
10463,Manhattan
10475,Bronx
11235,Brooklyn
10468,Bronx
11378,Queens
11204,Brooklyn
10455,Bronx
11208,Brooklyn
11109,Queens
11427,Queens
11104,Queens
10470,Bronx
10458,Bronx
10460,Bronx
10469,Bronx
11236,Brooklyn
10471,Bronx
11370,Queens
10305,Staten Island
11418,Queens
11412,Queens
11203,Brooklyn
11214,Brooklyn
10456,Bronx
11219,Brooklyn
11354,Queens
11429,Queens
10307,Staten Island
11433,Queens
10303,Staten Island
10465,Bronx
11694,Queens
11416,Queens
10080,Manhattan
10453,Bronx
11421,Queens
11361,Queens
11432,Queens
10314,Staten Island
11415,Queens
11691,Queens
10020,Manhattan
10162,Manhattan
11411,Queens
11369,Queens
11428,Queens
11367,Queens
10467,Bronx
11360,Queens
10312,Staten Island
7030,Brooklyn
11229,Brooklyn
11366,Queens
10282,Manhattan
11356,Queens
10306,Staten Island
10462,Bronx
10464,Bronx
10459,Bronx
11239,Brooklyn
7712,Manhattan
10302,Staten Island
11436,Queens
10286,Manhattan
11413,Queens
11417,Queens
10457,Bronx
10704,Bronx
11419,Queens
99135,Manhattan
11422,Queens
10308,Staten Island
11357,Queens
10309,Staten Island
11364,Queens
11423,Queens
10112,Manhattan
10119,Manhattan
10310,Staten Island
7105,Manhattan
11414,Queens
10474,Bronx
94103,Queens
11426,Queens
1003,Manhattan
